4901	Funcionamento do Conselho Nacional de Seguran�a Alimentar e Nutricional		2038
2000	Administra��o da Unidade	Administra��o de unidade	2101
21155	Dissemina��o de Conduta �tica no Poder Executivo Federal		2101
8699	Gerenciamento das Pol�ticas P�blicas de Juventude		2044
4693	Seguran�a Institucional do Presidente da Rep�blica e do Vice-Presidente da Rep�blica, Respectivos Familiares, e Outras Autoridades		2101
21327	Sistema de Prote��o ao Programa Nuclear Brasileiro - SIPRON		2059
216024	Formula��o, Desenvolvimento e Capacita��o para Participa��o Social		2038
20125	Gerenciamento das Rela��es Institucionais do Governo		2038
4912	Auditoria e Fiscaliza��o nos Prestadores de Servi�o de Certifica��o Digital e Normatiza��o da ICP-Brasil		2038
4917	Operacionaliza��o, Manuten��o e Moderniza��o da Autoridade Certificadora Raiz da Infraestrutura da ICP-Brasil		2038
20135	Fortalecimento do Sistema P�blico de Radiodifus�o e Comunica��o		2025
2675	Comunica��o e Transmiss�o de Atos e Fatos do Governo Federal		2101
6662	Formula��o e Desenvolvimento da Pol�tica de Planejamento Estrat�gico de Longo Prazo		2101
4727	Diagn�sticos, Prospec��es e Estrat�gias do Desenvolvimento Brasileiro		2038
8785	Gest�o e Coordena��o do Programa de Acelera��o do Crescimento - PAC		2017
21014	Gest�o para o Desenvolvimento da Avia��o Civil		2101
2912	Regula��o e Fiscaliza��o da Avia��o Civil		2017
2674	Representa��o Judicial e Extrajudicial da Uni�o e suas Autarquias e Funda��es Federais		2038
21013	Atendimento �s Mulheres em Situa��o de Viol�ncia		2016
8843	Incentivo a Pol�ticas de Autonomia das Mulheres		2016
21258	Controle Interno, Preven��o � Corrup��o, Ouvidoria e Correi��o		2101
21034	Fomento a A��es Afirmativas e Outras Iniciativas para o Enfrentamento ao Racismo e a Promo��o da Igualdade Racial		2034
21319	Fortalecimento Institucional dos �rg�os Estaduais e Municipais para o Enfrentamento ao Racismo e Promo��o da Igualdade Racial		2034
6440	Fomento ao Desenvolvimento Local para Comunidades Remanescentes de Quilombos e Outras Comunidades Tradicionais		2034
2090	Fiscaliza��o dos Servi�os e da Explora��o da Infraestrutura do Transporte Aquavi�rio		2101
2088	Concess�o e Regula��o dos Servi�os e da Explora��o da Infraestrutura do Transporte Aquavi�rio		2101
2031	Servi�os de Registro Mercantil e Atividades Afins		2023
21011	Promo��o do Desenvolvimento de Micro e Pequenas Empresas		2047
8690	Fiscaliza��o, Controle e Avalia��o de Im�veis da Uni�o		2038
20244	Gest�o do Patrim�nio Imobili�rio da Uni�o		2038
20240	Gest�o e Aprimoramento do Planejamento		2038
8861	Gest�o e Aprimoramento do Processo Or�ament�rio		2038
4732	Estudos sobre Conjuntura Econ�mica e Investimentos P�blicos		2125
4743	Coordena��o e Governan�a das Empresas Estatais Federais		2125
20241	Aperfei�oamento da Gest�o P�blica		2038
201920	Gest�o de Assuntos Internacionais		2125
20242	Gest�o e Aprimoramento dos Recursos de Tecnologia da Informa��o e de Log�stica do Servi�o P�blico Federal		2038
201215	Cadastro Nacional de Endere�os para Fins Estat�sticos		2038
20246	Pesquisas e Estudos Estat�sticos		2038
20248	Pesquisas, Estudos e Levantamentos Geocient�ficos		2038
20245	Ensino de Gradua��o e P�s-Gradua��o em Estat�sticas e Geoci�ncias		2032
20249	Desenvolvimento de Compet�ncias de Agentes P�blicos, Pesquisa e Dissemina��o de Conhecimento em Gest�o P�blica		2038
202221	Fiscaliza��o de Atividades Agropecu�rias		2028
202226	Promo��o da Defesa Agropecu�ria		2028
202223	Desenvolvimento das Regi�es Produtoras de Cacau		2042
2161	Produ��o e Divulga��o de Informa��es Meteorol�gicas e Climatol�gicas	Produ��o e Divulga��o de Informa��es Meteorol�gicas e Climatol�gicas	2014
8606	Apoio ao Desenvolvimento e Controle da Agricultura Org�nica - Pr�-Org�nico	A��es voltadas para: educa��o em agroecoelogia e sistemas org�nicos de produ��o; fomento ao uso de produtos e processos na agricultura org�nica; organiza��o das redes de produ��o org�nica e promo��o.	2014
8593	Apoio ao Desenvolvimento de Agricultura de Baixa Emiss�o de Carbono - ABC	Apoio a praticas sustent�veis( manejo de solo e �gua) na agropecu�ria	2014
202235	Fomento ao Setor Agropecu�rio		2014
202236	Promo��o do Agroneg�cio Brasileiro no Mercado Internacional		2014
20236	Pesquisa e Desenvolvimento de Tecnologias para a Agropecu�ria		2042
8924	Transfer�ncia de Tecnologias Desenvolvidas para a Agropecu�ria	Transfer�ncia de Tecnologia para o Desenvolvimento do Agroneg�cio	2042
202224	Redu��o de Riscos na Atividade Agropecu�ria		2014
20237	Desenvolvimento do Abastecimento Agroalimentar		2014
2792	Distribui��o de Alimentos a Grupos Populacionais Espec�ficos	Distribui��o de Alimentos	2069
2798	Aquisi��o de Alimentos Provenientes da Agricultura Familiar	PAA	2069
2137	Fiscaliza��o dos Estoques e das Opera��es de Garantia e Sustenta��o de Pre�os na Comercializa��o de Produtos Agropecu�rios	Fiscaliza��o dos estoques p�blicos e das opera��es de escoamento da produ��o	2014
15127	Amplia��o e Melhoria da Capacidade Armazenadora da CONAB		2014
20238	Desenvolvimento da Cafeicultura		2014
2495	Controle de Bens Sens�veis		2106
21328	Funcionamento da Comiss�o T�cnica Nacional de Biosseguran�a		2106
21329	Funcionamento do Conselho Nacional de Controle de Experimenta��o Animal - CONCEA		2106
202420	Ci�ncia, Tecnologia e Inova��o no Instituto Nacional de Tecnologia - INT		2021
487	Concess�o de Bolsas de Estudos no Ensino Superior	Bolsas de Estudos no Pa�s	2032
202430	Ci�ncia, Tecnologia e Inova��o no Instituto Nacional de Pesquisas da Amaz�nia - INPA		2021
202435	Ci�ncia, Tecnologia e Inova��o no Instituto Nacional de Pesquisas Espaciais - INPE		2021
203515	Apoio a Projetos de Pesquisa e Desenvolvimento Relacionados �s Mudan�as Clim�ticas		2050
202422	Desenvolvimento, Manuten��o e Atualiza��o da Infraestrutura Espacial		2056
203513	Pesquisa e Desenvolvimento de Tecnologias para o Setor Espacial		2056
203511	Desenvolvimento e Lan�amento de Sat�lites		2056
202431	Ci�ncia, Tecnologia e Inova��o no Centro Brasileiro de Pesquisas F�sicas - CBPF		2021
4132	Pesquisa e Desenvolvimento no Instituto Brasileiro de Informa��o em Ci�ncia e Tecnologia - IBICT		2021
202427	Ci�ncia, Tecnologia e Inova��o no Museu de Astronomia e Ci�ncias Afins - MAST		2021
202429	Ci�ncia, Tecnologia e Inova��o no Observat�rio Nacional - ON		2021
4128	Pesquisa e Desenvolvimento no Centro de Tecnologia Mineral - CETEM		2021
4126	Pesquisa e Desenvolvimento em Astrof�sica e Astronomia no Laborat�rio Nacional de Astrof�sica - LNA		2021
121913	Implanta��o do Centro Nacional de Monitoramento e Alerta de Desastres Naturais - CEMADEN		2040
1835	Forma��o, Capacita��o e Fixa��o de Recursos Humanos Qualificados para C,T&I		2021
202426	Seguran�a Nuclear e Controle de Material Nuclear e Prote��o F�sica de Instala��es Nucleares e Radiativas		2059
2468	Atendimento a Emerg�ncias Radiol�gicas e Nucleares		2059
2478	Fornecimento de Radiois�topos e Radiof�rmacos no Pa�s		2059
202423	Radioprote��o, Dosimetria e Metrologia das Radia��es Ionizantes		2059
202421	Desenvolvimento da Ci�ncia e da Tecnologia Nuclear		2059
12171	Implanta��o do Reator Multiprop�sito Brasileiro		2059
2482	Fabrica��o do Combust�vel Nuclear		2059
2489	Produ��o de Minerais Pesados e �xidos de Terras Raras		2041
20351	Desenvolvimento e Fabrica��o de Equipamentos para as Ind�strias Nuclear e Pesada de Alta Tecnologia		2055
6432	Pesquisa, Desenvolvimento, Fabrica��o e Comercializa��o de Componentes Semicondutores		2055
20228	Acompanhamento e Controle de Atividades Econ�micas		2039
20226	Gest�o de Pol�ticas Econ�micas e Fiscais		2039
2244	Recupera��o de cr�ditos, consultoria, representa��o judicial e extrajudicial da Fazenda Nacional		2110
203514	Fortalecimento Institucional		2110
2237	Auditoria e Fiscaliza��o Tribut�ria e Aduaneira		2110
2238	Arrecada��o Tribut�ria e Aduaneira		2110
202624	Desenvolvimento do Mercado de Valores Mobili�rios		2039
21028	Supervis�o do Mercado de Valores Mobili�rios		2039
2211	Solu��es de Tecnologia da Informa��o para o Governo Federal		751
203534	Fiscaliza��o e Regulamenta��o de Mercados de Seguros, Resseguros, Capitaliza��o e Previd�ncia Complementar Aberta		2039
2250	Sele��o, Forma��o e Desenvolvimento de Pessoas		2038
4572	Capacita��o de Servidores P�blicos Federais em Processo de Qualifica��o e Requalifica��o	Capacita��o de Servidores	2109
2030	Manuten��o das Pol�cias Civil e Militar e do Corpo de Bombeiros do Distrito Federal		903
203034	Gerenciamento das Pol�ticas de Educa��o		2109
203024	Gest�o Educacional e Articula��o com os Sistemas de Ensino		2030
6344	Regula��o e Supervis�o dos Cursos de Gradua��o e de Institui��es P�blicas e Privadas de Ensino Superior		2032
203035	Funcionamento das Institui��es Federais de Educa��o B�sica		2030
203029	Funcionamento de Institui��es Federais de Ensino Superior		2032
203028	Apoio � Capacita��o e Forma��o Inicial e Continuada para a Educa��o B�sica		2030
20309	Preven��o de Uso e/ou Abuso de Drogas		2060
203329	Fomento �s A��es de Gradua��o, P�s-Gradua��o, Ensino, Pesquisa e Extens�o		2032
8282	Reestrutura��o e Expans�o de Institui��es Federais de Ensino Superior		2032
142120	Implanta��o da Universidade Federal do Oeste da Bahia - UFOB		2032
142119	Implanta��o da Universidade Federal do Sul da Bahia - UFESBA		2032
4002	Assist�ncia ao Estudante de Ensino Superior		2032
203018	Funcionamento de Institui��es Federais de Educa��o Profissional e Tecnol�gica	PRONATEC	2031
203026	Apoio � Forma��o Profissional, Cient�fica e Tecnol�gica	PRONATEC	2031
8585	Aten��o � Sa�de da Popula��o para Procedimentos em M�dia e Alta Complexidade	TETO MAC	2015
11331	Implanta��o da Universidade Federal da Integra��o Latino-Americana - UNILA		2032
202331	Amplia��o das Pr�ticas de Gest�o Participativa, de Controle Social, de Educa��o Popular em Sa�de e Implementa��o de Pol�ticas de Promo��o da Equidade		2015
8871	Apoio � Elabora��o e Monitoramento de Planos de Saneamento Regionais e Nacional		2068
6516	Aperfei�oamento e Avalia��o dos Servi�os de Hemoterapia e Hematologia	Sangue	2015
21036	Promo��o da Educa��o do Campo		2066
203020	Avalia��o da Educa��o Superior e da P�s-Gradua��o		2032
6503	Censo da Educa��o Superior		2032
203031	Exames e Avalia��es da Educa��o B�sica		2030
4014	Censo Escolar da Educa��o B�sica	Censo Escolar	2030
4000	Estudos e Pesquisas Educacionais e Socioeducativas		2109
6294	Promo��o de Cursos para o Desenvolvimento Local Sustent�vel		2109
4086	Funcionamento e Gest�o de Institui��es Hospitalares Federais		2032
6380	Fomento ao Desenvolvimento da Educa��o Profissional e Tecnol�gica	PRONATEC	2031
6358	Capacita��o de Recursos Humanos da Educa��o Profissional e Tecnol�gica	PRONATEC	2031
21020	Promo��o e Defesa dos Direitos da Pessoa com Defici�ncia		2063
20230	Fomento � Produ��o Pesqueira e Aqu�cola		2052
11330	Implanta��o da Universidade Federal do Oeste do Par� - UFOPA		2032
142127	Implanta��o da Universidade Federal do Sul e Sudeste do Par� - UNIFESSPA		2032
142117	Implanta��o da Universidade Federal do Cariri - UFCA		2032
2692	Fiscaliza��o do Cumprimento de Contrapartidas Produtivas Exigidas pelos Regimes Especiais Regulamentados no Contexto da Pol�tica Industrial		2055
2022	An�lise de Processos contra Pr�ticas Desleais e Ilegais		2024
202227	Promo��o e Gest�o do Com�rcio Exterior		2024
509	Apoio ao Desenvolvimento da Educa��o B�sica	Promed	2030
203635	Servi�os de Metrologia e Qualidade Industrial		2055
151529	Implanta��o de Unidades da Defensoria P�blica da Uni�o		2020
2725	Presta��o de Assist�ncia Jur�dica ao Cidad�o		2020
20357	Pol�tica Nacional de Justi�a		2020
8974	Democratiza��o do Acesso � Cidadania e � Justi�a		2020
203516	Pol�tica P�blica sobre Drogas		2060
72423	Implementa��o do Plano Nacional de Seguran�a P�blica para a Realiza��o dos Grandes Eventos		2070
2334	Prote��o e Defesa do Consumidor		2020
2810	Preserva��o do Patrim�nio Arquiv�stico Nacional		2020
2723	Policiamento Ostensivo nas Rodovias e Estradas Federais		2070
86151	Processamento e Arrecada��o de Multas Aplicadas pela Pol�cia Rodovi�ria Federal		2070
2726	Preven��o e Repress�o ao Tr�fico Il�cito de Drogas e a Crimes Praticados contra Bens, Servi�os e Interesses da Uni�o		2070
202414	Fiscaliza��o e Demarca��o de Terras Ind�genas, Localiza��o e Prote��o de �ndios Isolados e de Recente Contato		2065
2384	Promo��o do Desenvolvimento Sustent�vel dos Povos Ind�genas		2065
151130	Realiza��o da 1� Confer�ncia Nacional de Pol�tica Indigenista		2112
8635	Preserva��o Cultural dos Povos Ind�genas		2065
1151320	PROJETO COMUNIDADE INDIGENA GUARANI/BR101 � DNIT		151
1151121	PROGRAMA DE COMPENSACAO COMPLEXO JURUENA		151
1151123	PROJETO INDIOS ISOLADOS BR-429 � RO		151
2807	Promo��o e Defesa da Concorr�ncia		2020
6067	Defesa dos Direitos Difusos		2020
202625	Consolida��o do Sistema Penitenci�rio Federal		2070
202433	Reintegra��o Social, Alternativas Penais e Controle Social		2070
202434	Gest�o do Sistema Criminal e Penitenci�rio		2070
4897	Planejamento do Setor Energ�tico		2119
4887	Estudos para o Planejamento dos Setores de Geologia, Minera��o e Transforma��o Mineral		2119
1379	Atendimento das Demandas por Energia El�trica em Localidades Isoladas N�o-Supridas pela Rede El�trica Convencional		2033
20186	Coordena��o das A��es de Integra��o El�trica com os Pa�ses Vizinhos		2033
20187	Monitoramento da Expans�o e do Desempenho dos Sistemas El�tricos em Apoio ao CMSE		2033
4892	Planejamento dos Setores de Petr�leo, Derivados, G�s Natural e Combust�veis Renov�veis		2119
103636	Monitoramento da Recupera��o Ambiental da Bacia Carbon�fera de Santa Catarina		2067
21228	Regula��o da Distribui��o e Revenda de Derivados de Petr�leo, G�s Natural e Biocombust�veis		2022
21229	Regula��o da Explora��o, Desenvolvimento e Produ��o de Petr�leo e G�s Natural		2053
202636	Fiscaliza��o das Atividades Miner�rias		2041
203622	Desenvolvimento Sustent�vel da Pequena Minera��o		2041
2377	Gest�o da Emiss�o, Manuten��o e Extin��o de Direitos Miner�rios		2041
4880	Fiscaliza��o dos Servi�os de Energia El�trica		2033
4699	Outorga de Gera��o, Transmiss�o e Distribui��o de Energia El�trica		2033
4703	Regulamenta��o dos Servi�os de Energia El�trica		2033
2993	Ouvidoria Setorial da Ag�ncia Nacional de Energia El�trica		2033
21142	Participa��o P�blica na Agenda Regulat�ria do Setor El�trico		2033
2015	Funcionamento do Conselho de Recursos da Previd�ncia Social		2061
2276	Auditoria nos Regimes Pr�prios dos Servidores P�blicos		2061
203419	Sustentabilidade e Fomento aos Regimes P�blico e Geral da Previd�ncia Social		2061
21225	Sustentabilidade e Fomento do Regime de Previd�ncia Complementar		2061
2589	Avalia��o e Operacionaliza��o do Benef�cio de Presta��o Continuada da Assist�ncia Social (BPC) e Manuten��o da Renda Mensal Vital�cia (RMV)	BPC	2037
2591	Reconhecimento de Direitos de Benef�cios Previdenci�rios		2061
2593	Funcionamento das Unidades Descentralizadas da Previd�ncia Social		2061
2294	Defesa Judicial da Previd�ncia Social B�sica		2061
2585	Servi�o de Reabilita��o Profissional		2061
2563	Gest�o da Melhoria Cont�nua		2061
203320	Educa��o Previdenci�ria e Financeira		2061
203436	Sistema Nacional de Informa��es de Registro Civil - SIRC		2061
2562	Auditoria Preventiva e Corretiva em Rotinas, Procedimentos e Processos		2061
203430	Gest�o da Informa��o Corporativa na Previd�ncia Social		2061
21026	Apoio � Organiza��o Econ�mica e Promo��o da Cidadania de Mulheres Rurais		2012
2592	Fiscaliza��o das Entidades de Previd�ncia Complementar		2061
2367	An�lise e Divulga��o da Pol�tica Externa Brasileira, de Rela��es Internacionais e da Hist�ria Diplom�tica do Brasil		2057
8315	Pesquisa e Desenvolvimento Tecnol�gico em Sa�de		2015
7674	Moderniza��o de Unidades de Sa�de da Funda��o Oswaldo Cruz	FIOCRUZ	2055
6179	Comunica��o e Informa��es para a Educa��o em Sa�de e em Ci�ncia e Tecnologia	Educa��o em Sa�de	2015
8327	Servi�o Laboratorial de Refer�ncia para o Controle de Doen�as	Laborat�rio	2015
202316	Imunobiol�gicos e Insumos para Preven��o e Controle de Doen�as		2015
6174	An�lise da Qualidade de Produtos e Insumos de Sa�de		2015
202312	Educa��o e Forma��o em Sa�de		2015
20197	Manuten��o do Patrim�nio Hist�rico e Cultural de Ci�ncia e da Sa�de na Fiocruz		2015
20198	Apoio � Implanta��o e Manuten��o dos Sistemas de Saneamento B�sico e A��es de Sa�de Ambiental		2115
20366	Fortalecimento da Sa�de Ambiental para Redu��o dos Riscos � Sa�de Humana		2015
201533	Apoio � Gest�o dos Sistemas de Saneamento B�sico em Munic�pios de at� 50.000 Habitantes	Saneamento B�sico	2068
6908	Fomento � Educa��o em Sa�de voltada para o Saneamento Ambiental para Preven��o e Controle de Doen�as e Agravos		2068
6138	Vigil�ncia Sanit�ria em Portos, Aeroportos, Fronteiras e Recintos Alfandegados		2015
8719	Vigil�ncia Sanit�ria de Produtos, Servi�os e Ambientes, Tecidos, C�lulas e �rg�os Humanos	Vigil�ncia Sanit�ria	2015
4339	Qualifica��o da Regula��o e Fiscaliza��o da Sa�de Suplementar		2015
201933	Atua��o Internacional do Minist�rio da Sa�de		2015
8648	Desenvolvimento e Fortalecimento da Economia da Sa�de para o Aperfei�oamento do SUS	Economia da Sa�de	2015
8753	Monitoramento e Avalia��o da Gest�o do SUS	Avalia��o da Gest�o SUS	2015
202319	Apoio Institucional para Aprimoramento do SUS		2115
2016	Funcionamento do Conselho Nacional de Sa�de	CNS	2015
8287	Aprimoramento da Articula��o e Coopera��o Interfederativa e da Gest�o Compartilhada do SUS	Gest�o Descentralizada	2015
8708	Auditoria do Sistema �nico de Sa�de	Auditoria	2015
202320	Sistemas de Tecnologia de Informa��o e Comunica��o para a Sa�de (e-Saude)		2015
6182	Ouvidoria Nacional de Sa�de	Ouvidoria	2015
21352	Desenvolvimento Institucional da Gest�o Or�ament�ria, Financeira e Cont�bil do Fundo Nacional de Sa�de e dos Fundos Estaduais e Municipais de Sa�de	Apoio aos Fundos de Sa�de	2015
8758	Aperfei�oamento, Avalia��o e Desenvolvimento de A��es e Servi�os Especializados em Oncologia - INCa	INCA	2015
201914	Pesquisas, Ensino e Inova��es Tecnol�gicas Biom�dicas e em Medicina Tropical e Meio Ambiente		2015
202317	Promo��o, Prote��o e Recupera��o da Sa�de Ind�gena		2065
202324	Fiscaliza��o de Obriga��es Trabalhistas e Inspe��o em Seguran�a e Sa�de no Trabalho		2071
202335	Democratiza��o das Rela��es de Trabalho		2071
4815	Funcionamento das Unidades Descentralizadas		2127
20223	Apoio Operacional ao Pagamento do Seguro-Desemprego e do Abono Salarial		2071
202326	Produ��o e Difus�o de Conhecimentos para a Promo��o de Pol�ticas P�blicas em Seguran�a e Sa�de no Trabalho		2071
21143	Gest�o Participativa do Fundo de Amparo ao Trabalhador - FAT		2071
2553	Identifica��o da Popula��o por meio da Carteira de Trabalho e Previd�ncia Social - CTPS		2071
93521	Cumprimento de Obriga��es decorrentes da extin��o da Rede Ferrovi�ria Federal S/A - RFFSA		2126
202411	Estudos, Projetos e Planejamento de Infraestrutura de Transportes		2126
2348	Fiscaliza��o da Explora��o da Infraestrutura Ferrovi�ria		2072
202413	Fiscaliza��o dos Servi�os de Transporte Rodovi�rio		2075
4349	Administra��o das Hidrovias		2126
86935	Manuten��o e Gest�o dos Ativos Ferrovi�rios		2126
2424	Fiscaliza��o em Telecomunica��es		2025
202212	Regula��o dos Servi�os de Telecomunica��es		2025
202214	Promo��o e Fomento � Cultura Brasileira		2027
202233	Formula��o e Gest�o da Pol�tica Cultural		2027
14242	Implanta��o, Instala��o e Moderniza��o de Espa�os e Equipamentos Culturais		2027
202234	Preserva��o do Patrim�nio Cultural Brasileiro		2027
203523	Apoio � Implemeta��o da Pol�tica Nacional de Educa��o Ambiental		2045
20318	Implementa��o do Plano Nacional de Produ��o e Consumo Sustent�veis (PPCS)		2050
202615	Desenvolvimento Florestal Sustent�vel e Manejo Florestal Comunit�rio Familiar		2036
202613	Pesquisa e Informa��es Florestais		2036
202612	Invent�rio Florestal Nacional		2036
202616	Fiscaliza��o dos Recursos da Biodiversidade		2018
6307	Fiscaliza��o de Atividades de Desmatamento		2036
6124	Fiscaliza��o de Atividades Degradadoras, Poluentes e Contaminantes		2045
202633	Estrutura��o da Gest�o Nacional dos Recursos Faun�sticos		2018
6074	Preven��o e Combate a Inc�ndios Florestais e Controle de Queimadas		2036
8294	Estrutura��o dos �rg�os do Sistema Nacional de Meio Ambiente para a Gest�o Florestal Compartilhada		2036
8296	Autoriza��o e Controle das Atividades Florestais		2036
203131	Promo��o de A��es de Gest�o de Riscos, Prepara��o e Atendimento a Emerg�ncias Ambientais		2045
202634	Avalia��o de Periculosidade e Controle de Produtos, Subst�ncias Qu�micas e Res�duos Perigosos		2045
6925	Licenciamento Ambiental Federal		2045
6037	Fortalecimento e Aprimoramento da Fiscaliza��o Ambiental		2036
8286	Educa��o Ambiental para Grupos em Situa��o de Vulnerabilidade Socioambiental		2045
202614	Avalia��o dos Estoques e do Potencial Sustent�vel dos Recursos Pesqueiros		2018
4969	Controle, Monitoramento, Triagem, Recupera��o e Destina��o de Animais Silvestres		2018
21230	Avalia��o das Medidas de Ordenamento do Uso de Recursos Pesqueiros		2018
202635	Implementa��o da Pol�tica Nacional de Recursos H�dricos		2026
2378	Opera��o da Rede Hidrometeorol�gica		2026
4926	Regula��o e Fiscaliza��o dos Usos de Recursos H�dricos, dos Servi�os de Irriga��o e Adu��o de �gua Bruta e da Seguran�a de Barragens		2026
202618	Prote��o e Amplia��o de Cole��es Vivas em Jardins Bot�nicos		2018
202629	Pesquisa, Avalia��o e Monitoramento da Flora Brasileira		2018
202627	Fiscaliza��o Ambiental em Unidades de Conserva��o		2018
202631	Apoio � Cria��o, Gest�o e Implementa��o das Unidades de Conserva��o Federais		2018
202620	Execu��o de Pesquisa e Conserva��o de Esp�cies e Patrim�nio Espeleol�gico		2018
6381	Consolida��o Territorial das Unidades de Conserva��o Federais		2018
8499	Apoio a Projetos de Gest�o Integrada do Meio Ambiente (PNMA II)		2045
203123	Preven��o e Combate a Inc�ndios Florestais em Unidades de Conserva��o Federais		2036
21111	Regulariza��o da Estrutura Fundi�ria na �rea de Abrang�ncia da Lei 11.952, de 2009		2066
21024	Organiza��o da Estrutura Fundi�ria		2066
21022	Reconhecimento e Indeniza��o de Territ�rios Quilombolas		2034
21115	Desenvolvimento de Assentamentos Rurais		2066
21030	Assist�ncia Social e Pacifica��o no Campo		2066
21025	Assist�ncia T�cnica e Extens�o Rural para Reforma Agr�ria		2012
2105	Gerenciamento e Fiscaliza��o do Cadastro Rural	Cadastro Rural	2066
21122	Implementa��o e Desenvolvimento da Pol�tica Nacional de Controle de Dopagem		2035
1151727	ESTRUTURACAO E MANUTENCAO DA AUTORIDADE PUBLICA OLIMPICA		6102
2055	Cursos de Altos Estudos da Escola Superior de Guerra		2108
20364	Manuten��o do Sistema Militar de Cataloga��o		2055
20216	Desenvolvimento Sustent�vel da Regi�o do Calha Norte		2058
2872	Mobiliza��o para o Servi�o Militar Obrigat�rio		2058
142523	Apoio � Realiza��o de Grandes Eventos		2058
20213	Mobiliza��o e Log�stica para a Defesa Nacional		2058
20217	Emprego Conjunto ou Combinado das For�as Armadas		2058
2866	A��es de Car�ter Sigiloso		2108
20211	Participa��o Brasileira em Miss�es de Paz		2057
21255	Interc�mbio e Coopera��o Internacional na �rea de Defesa		2058
203533	Apoio das For�as Armadas ao Desenvolvimento do Desporto Militar e ao Esporte Nacional		2058
6557	Forma��o C�vico-Profissional de Jovens em Servi�o Militar - Soldado Cidad�o		2058
8425	Apoio ao Projeto Rondon		2058
20215	Comando e Controle de Defesa Nacional		2058
20214	Manuten��o do Sistema de Prote��o da Amaz�nia - SIPAM		2058
2913	Investiga��o e Preven��o de Acidentes Aeron�uticos		2058
202135	Opera��o do Sistema de Controle do Espa�o A�reo Brasileiro - SISCEAB		2058
202115	Aprestamento da Aeron�utica		2058
20218	Gradua��o e P�s-Gradua��o do Instituto Tecnol�gico de Aeron�utica - ITA		2058
20350	Desenvolvimento e Lan�amento de Foguetes Suborbitais e de Ve�culos Lan�adores de Sat�lites		2056
2916	Instru��o e Treinamento T�cnico-Operacional da Aeron�utica		2058
202112	Apoio das For�as Armadas � Popula��o		2058
2911	Aquisi��o e Moderniza��o dos Meios de Engenharia do Ex�rcito		2058
1248	Constru��o de Trecho Rodovi�rio - Manaus - Divisa AM/RO - na BR-319/AM		2075
15620	Obten��o de Meios do Ex�rcito		2058
221327	A��es de Defesa Civil		2040
4450	Aprestamento do Ex�rcito		2058
202116	Manuten��o dos Sistemas de Comando e Controle do Ex�rcito		2058
2004	Assist�ncia M�dica e Odontol�gica aos Servidores Civis, Empregados, Militares e seus Dependentes	Assist�ncia M�dica e Odontol�gica	2108
203529	Manuten��o de Trechos Rodovi�rios na Regi�o Norte		2075
8965	Capacita��o Profissional Militar do Ex�rcito Brasileiro		2058
202129	Log�stica Militar Terrestre		2058
15631	Moderniza��o Operacional do Ex�rcito Brasileiro		2058
201723	Adequa��o de Organiza��es Militares do Ex�rcito		2058
2919	Registro e Fiscaliza��o de Produtos Controlados		2058
2900	Sele��o para o Servi�o Militar e Apresenta��o da Reserva em Disponibilidade		2058
143526	Apoio Log�stico �s For�as de Seguran�a P�blica do Estado do Rio de Janeiro		2058
202131	Ensino Assistencial nos Col�gios Militares		2108
3138	Implanta��o do Sistema de Avia��o do Ex�rcito		2058
14714	Implanta��o de Sistema de Defesa Cibern�tica para a Defesa Nacional		2058
202128	Desenvolvimento Tecnol�gico do Ex�rcito		2058
131213	Aquisi��o de Sistemas de Artilharia Antia�rea		2058
141826	Implanta��o do Sistema de Defesa Estrat�gico ASTROS 2020		2058
14364	Aquisi��o de Blindados Guarani		2058
202134	A��es de Coopera��o do Ex�rcito		2058
14365	Implanta��o do Sistema Integrado de Monitoramento de Fronteiras - SISFRON		2058
11019	Adequa��o de Trecho Rodovi�rio - Pedra Branca - Divisa SE/AL - na BR-101/SE		2075
203528	Manuten��o de Trechos Rodovi�rios na Regi�o Nordeste		2075
7624	Adequa��o de Trecho Rodovi�rio - Divisa AL/PE - Divisa AL/SE - na BR-101/AL		2075
203531	Manuten��o de Trechos Rodovi�rios na Regi�o Sul		2075
2345	Miss�o Ant�rtica		2046
202120	Aprestamento da Marinha		2058
12333	Implanta��o de Estaleiro e Base Naval para Constru��o e Manuten��o de Submarinos Convencionais e Nucleares		2058
12334	Constru��o de Submarino de Propuls�o Nuclear		2058
12335	Constru��o de Submarinos Convencionais		2058
14367	Tecnologia Nuclear da Marinha		2058
2510	Ensino Profissional Mar�timo		2058
20207	Provimento de infraestrutura produtiva para arranjos produtivos locais - APLs - Plano Brasil sem Mis�ria		2029
20209	Apoio ao Associativismo e ao Cooperativismo - Plano Brasil sem Mis�ria		2029
121911	Implanta��o de Obras e Equipamentos para Oferta de �gua		2069
14011	Implanta��o dos Per�metros de Irriga��o do Canal do Sert�o Alagoano no Estado de Alagoas		2013
2819	Funcionamento de Esta��es e Centros de Pesquisa em Aquicultura	Aq�icultura	2052
20208	Promo��o de iniciativas para o aprimoramento da produ��o e a inser��o mercadol�gica - Plano Brasil sem Mis�ria		2029
4786	Capacita��o e Monitoramento da Juventude Rural (Projeto Amanh�)		2044
21330	Manuten��o Operacional do Projeto de Integra��o do Rio S�o Francisco		2051
201623	Administra��o de Per�metros P�blicos de Irriga��o		2013
20204	Opera��o e Manuten��o de Infraestruturas H�dricas		2051
5314	Implanta��o do Per�metro de Irriga��o Baixio de Irec� com 47.924,50 ha no Estado da Bahia		2013
122713	Transfer�ncia da Gest�o de Per�metros P�blicos de Irriga��o		2013
5260	Implanta��o do Per�metro de Irriga��o Pontal com 7.811,91 ha no Estado de Pernambuco		2013
21222	Apoio � pesquisa, ao desenvolvimento tecnol�gico e � inova��o para a produ��o aqu�cola sustent�vel		2052
14021	Regulariza��o Ambiental e Fundi�ria de Per�metros P�blicos de Irriga��o		2013
21293	Monitoramento Hidroambiental nos Reservat�rios do DNOCS		2026
4641	Publicidade de Utilidade P�blica	Publicidade	2062
20233	Promo��o e Marketing do Turismo no Mercado Nacional		2076
20234	Articula��o e Ordenamento Tur�stico		2076
4590	Qualifica��o, Certifica��o e Produ��o Associada ao Turismo		2076
8249	Funcionamento dos Conselhos de Assist�ncia Social		2037
6414	Sistema Nacional para Identifica��o e Sele��o de P�blico-Alvo para os Programas Sociais do Governo Federal - Cadastro �nico		2019
4420	Funcionamento do Conselho das Cidades		2054
2843	Funcionamento dos Sistemas de Transporte Ferrovi�rio Urbano de Passageiros		2116
202322	Apoio ao Fortalecimento Institucional do Sistema Nacional de Tr�nsito		2048
21015	Promo��o de Pol�ticas de Igualdade e de Direitos das Mulheres		2016
10318	Desenvolvimento do Sistema de Gest�o de Pessoas - SIGEPE.gov		2038
2230	Gest�o da Documenta��o e Dissemina��o de Informa��es		2038
21381	Aquisi��o de Alimentos da Agricultura Familiar - PAA	PAA	2069
6147	Coopera��o Internacional em Ci�ncia, Tecnologia e Inova��o		2021
21332	Forma��o Especializada para o Setor Nuclear		2059
1151	Assist�ncia T�cnica para Gest�o dos Projetos de Moderniza��o da Gest�o Administrativa e Fiscal dos Munic�pios		2110
202534	Estudos e Pesquisas em Mat�ria Fazend�ria		2038
20130	Aten��o Especializada em Sa�de Mental	MENTAL	2015
4262	Defesa do Interesse P�blico no Processo Judici�rio - Minist�rio P�blico do Trabalho		581
1151329	PROJETO COMUNIDADE INDIGENA AVA�CANOEIRO		151
1151312	PROGRAMA DE DESENVOLVIMENTO COM. INDIGENA SARARE		151
8890	Informa��es e Estudos do Setor Mineral		2041
2274	Assist�ncia T�cnica aos Regimes Pr�prios de Previd�ncia		2061
4295	Aten��o aos Pacientes Portadores de Doen�as Hematol�gicas	Sangue	2015
8305	Aten��o de Refer�ncia e Pesquisa Cl�nica em Patologias de Alta Complexidade da Mulher, da Crian�a e do Adolescente e em Doen�as Infecciosas		2015
5516	Confer�ncia Nacional de Sa�de		2015
8755	Aperfei�oamento, Avalia��o e Desenvolvimento de A��es e Servi�os Especializados em Cardiologia-INC	Cardiologia	2015
2907	Fiscaliza��o da Explora��o da Infraestrutura Rodovi�ria		2075
21368	Rela��es com os Usu�rios de Servi�os de Telecomunica��es		2025
202231	Produ��o e Difus�o de Conhecimento na �rea Cultural		2027
20268	Implementa��o da Agenda Ambiental na Administra��o P�blica - A3P		2038
202611	Planejamento, Gest�o e Controle das Concess�es Florestais		2036
4909	Funcionamento de Cursos de P�s-Gradua��o em Bot�nica e Meio Ambiente		2032
20200	Concess�o de Autoriza��o para Demandas de Licenciamento Ambiental que afetam Unidades de Conserva��o Federais e suas zonas de amortecimento		2045
202817	Desenvolvimento de Atividades e Apoio a Projetos de Esporte, Educa��o, Lazer , Inclus�o Social e Legado Social		2035
20128	Prepara��o e Organiza��o dos Jogos Ol�mpicos e Paraol�mpicos Rio 2016		2035
20219	Capacita��o Profissional da Aeron�utica		2058
14366	Implanta��o do Sistema Integrado de Prote��o de Estruturas Estrat�gicas Terrestres (PROTEGER)		2058
15112	Obten��o de Sistema de Defesa Antia�rea		2058
21582	Gradua��o e P�s-Gradua��o no Instituto Militar de Engenharia		2058
2518	Apoio � Pesquisa e ao Monitoramento Oceanogr�fico e Climatol�gico da Amaz�nia Azul		2046
14134	Constru��o do Canal do Sert�o Pernambucano no Estado do Pernambuco		2051
1692	Implanta��o do Per�metro de Irriga��o Salitre com 24.504,90 ha no Estado da Bahia	Per�metro de Irriga��o	2013
21231	Implementa��o da Cria��o Intensiva de Peixes em Rios, Grandes Reservat�rios e Canais de Per�metros de Irriga��o		2052
141815	Constru��o da Barragem Ingazeira, no Estado de Pernambuco		2051
5900	Integra��o do Rio S�o Francisco com as Bacias dos Rios Jaguaribe, Piranhas-A�u e Apodi (Eixo Norte)		2051
12064	Implanta��o da Adutora Paje� nos Estados de Pernambuco e Para�ba	Constru��o de Adutoras	2051
21325	Assist�ncia T�cnica e Extens�o Rural para o Produtor Rural		2014
20334	Fomento a Estudos, Projetos e Empreendimentos que visem � Mitiga��o e � Adapta��o � Mudan�a do Clima		2050
20359	Monitoramento da Cobertura da Terra e do Risco de Queimadas e Inc�ndios Florestais (INPE)		2036
203317	Julgamento de Causas e Gest�o Administrativa na Justi�a Eleitoral		570
8730	Amplia��o da Resolutividade da Sa�de Bucal na Aten��o B�sica e Especializada	BUCAL	2015
2320	Manuten��o do Sistema Integrado de Educa��o e Valoriza��o Profissional		2070
203021	Reestrutura��o e Moderniza��o de Institui��es Hospitalares Federais		2032
8858	Valoriza��o de Profissionais e Operadores de Seguran�a P�blica		2070
15520	Aprimoramento da Infraestrutura e Moderniza��o do Sistema Criminal e Penitenci�rio		2070
20159	Apoio a Iniciativas de Uso Produtivo de Energia El�trica		2033
20189	Informa��es de Alerta de Cheias e Inunda��es		2040
2587	Servi�os de Ouvidoria aos Usu�rios da Previd�ncia Social		2061
20194	Opera��o do Canal Sa�de		2015
201512	Piso de Aten��o B�sica Vari�vel - Sa�de da Fam�lia	PAB Vari�vel - PSF	2015
20261	Iniciativas para Implementa��o da Pol�tica Nacional sobre Mudan�a do Clima		2050
203522	Articula��o para a Implementa��o de Pol�ticas P�blicas para o Desenvolvimento Sustent�vel		2045
2976	Conserva��o e Uso Sustent�vel de Esp�cies Amea�adas de Extin��o		2018
6329	Monitoramento e Controle do Desmatamento e dos Inc�ndios Florestais		2036
202113	Pesquisa e Desenvolvimento no Setor Aeroespacial		2058
142411	Constru��o, Reforma e Reaparelhamento das Infraestruturas Aeron�utica Civil e Aeroportu�ria de Interesse Federal		2017
2012	Aux�lio-Alimenta��o aos Servidores Civis, Empregados e Militares	Aux�lio-Alimenta��o	2108
121617	Integra��o do Rio S�o Francisco com as Bacias do Nordeste Setentrional (Eixo Leste)	Projeto S�o Francisco	2051
15731	Desenvolvimento e implementa��o do Sistema de Gerenciamento da Amaz�nia Azul (SisGAAz)		2058
5308	Constru��o da Barragem Jequita� no Estado de Minas Gerais		2051
6702	Apoio a Projetos e Eventos de Educa��o, Divulga��o e Populariza��o da Ci�ncia, Tecnologia e Inova��o		2021
201518	Incentivo Financeiro aos Estados, Distrito Federal e Munic�pios para a Vigil�ncia em Sa�de	Vigil�ncia em Sa�de	2015
21331	Apoio a Iniciativas de Valoriza��o da Diversidade, de Promo��o dos Direitos Humanos e de Inclus�o		2030
14247	Fomento a Conte�dos Digitais Criativos		2025
2784	Educa��o Alimentar e Nutricional		2069
4396	Avalia��o de Distritos Mineiros		2041
20126	Preserva��o e Difus�o do Acervo Museol�gico do Instituto de Pesquisas Jardim Bot�nico do Rio de Janeiro		2021
203518	Manuten��o de Trechos Rodovi�rios na Regi�o Sudeste		2075
15627	Obten��o de Meios da Marinha		2058
1393	Implanta��o da Usina de Enriquecimento de Ur�nio com Unidade Tecnol�gica de Separa��o Isot�pica		2059
202121	Aux�lios � Navega��o e Fiscaliza��o da Navega��o Aquavi�ria		2058
8172	Coordena��o e Fortalecimento do Sistema Nacional de Prote��o e Defesa Civil		2040
72966	Apoio a Projetos de Desenvolvimento Sustent�vel Local Integrado		2029
6215	Funcionamento do Conselho de Desenvolvimento Econ�mico e Social		2101
122022	Moderniza��o da Gest�o do Patrim�nio Imobili�rio da Uni�o		2125
21035	Promo��o e Fortalecimento da Agricultura Familiar		2012
2997	Fomento a Projetos Institucionais para Pesquisa no Setor de Sa�de (CT-Sa�de)		2021
203019	Produ��o, Aquisi��o e Distribui��o de Livros e Materiais Did�ticos e Pedag�gicos para Educa��o B�sica		2030
2994	Assist�ncia ao Estudante da Educa��o Profissional e Tecnol�gica	PRONATEC	2031
4264	Defesa do Interesse P�blico no Processo Judici�rio - Minist�rio P�blico Federal		581
21023	Apoio ao Desenvolvimento Sustent�vel das Comunidades Quilombolas, Povos Ind�genas e Povos e Comunidades Tradicionais		2034
8426	Desimobiliza��o de Im�veis N�o-operacionais do INSS		2061
202325	Manuten��o e Funcionamento do Programa Farm�cia Popular do Brasil pelo Sistema de Co-pagamento		2015
21334	Gest�o de Pol�ticas de Meio Ambiente		2124
202315	Prepara��o de Atletas e Capacita��o de Recursos Humanos para o Esporte de Alto Rendimento		2035
2452	Adequa��o da Infraestrutura dos Pelot�es Especiais de Fronteira da Regi�o do Calha Norte		2058
143118	Reconstru��o da Esta��o Ant�rtica Comandante Ferraz		2046
202136	Servi�os M�dico-Hospitalares do Hospital das For�as Armadas		2108
1851	Implanta��o de Obras de Infraestrutura H�drica	Obras de Infra-estrutura H�drica	2051
21335	Coordena��o e Acompanhamento de Projetos Especiais de Moderniza��o da Gest�o P�blica		2038
202016	Apoio a projetos de pesquisa e capacita��o de recursos humanos nas fases da Cadeia Produtiva da Pesca		2052
21027	Assist�ncia T�cnica e Extens�o Rural para Agricultura Familiar		2012
20292	Fomento � Pesquisa e Desenvolvimento de Tecnologias Alternativas Regionalizadas, com vistas � Sustentabilidade dos Servi�os e A��es de Sa�de Ambiental		2015
8252	Educa��o Profissional e Tecnol�gica a Dist�ncia	PRONATEC	2031
1151316	PROJETO COMPANHIA VALE DO RIO DOCE � CVRD		151
1151131	PROJETO C.I. AVA-CANOEIRO - ROYALTIES - GO		151
20188	Monitoramento das A��es de Comercializa��o de Energia e da Pol�tica Tarif�ria		2033
131235	Constru��o do Centro de Pesquisa e Desenvolvimento Tecnol�gico em Belo Horizonte/MG		2055
203525	Formula��o e Gerenciamento da Pol�tica Nacional de Recursos H�dricos		2026
202526	Forma��o e Capacita��o de Profissionais da Avia��o Civil		2017
20259	Adequa��o de Organiza��es Militares da Aeron�utica		2058
7441	Constru��o de Trecho Rodovi�rio - Jerumenha - Bertol�nia - Eliseu Martins - na BR-135/PI		2075
103031	Implanta��o, Amplia��o ou Melhoria de Sistemas P�blicos de Esgotamento Sanit�rio em Munic�pios das Bacias do S�o Francisco e Parna�ba	Saneamento P�blico	2068
11614	Abastecimento P�blico de �gua em Comunidades Ribeirinhas do Rio S�o Francisco - �gua para Todos	Abastecimento P�blico de �gua	2068
8062	Capacita��o de Recursos Humanos para Projetos de Infraestrutura H�drica		2051
